best_branch_score,branch_a_score,branch_b_score,branch_gap,branch_id,common_score,confidence,decision_kind,expected_label,graph_degraded,junction_score,method,query_id,reason,selected_windows,session_id
0.7317779660224915,0.5750051339467367,0.7317779660224915,0.15677283207575476,BRANCH_B,0.5529561638832092,0.8717229497857331,known_branch,BRANCH_B,False,0.5452379584312439,vxn_default,query_route_1,Strong evidence for BRANCH_B.,3,unsupplied-query_route_1
0.904792050520579,0.904792050520579,0.6144165198008219,0.2903755307197571,BRANCH_A,0.679958701133728,0.9643667963203131,known_branch,BRANCH_A,False,0.6315435369809469,vxn_default,query_route_2,Strong evidence for BRANCH_A.,3,unsupplied-query_route_2
0.7317779461542765,0.5750051140785217,0.7317779461542765,0.15677283207575476,BRANCH_B,0.552956223487854,0.8717229453153847,known_branch,BRANCH_B,False,0.5452379186948141,vxn_reference_windows,query_route_1,Strong evidence for BRANCH_B.,3,unsupplied-query_route_1
0.904792070388794,0.904792070388794,0.6144165198008219,0.29037555058797204,BRANCH_A,0.679958701133728,0.9643668042289071,known_branch,BRANCH_A,False,0.6315435171127319,vxn_reference_windows,query_route_2,Strong evidence for BRANCH_A.,3,unsupplied-query_route_2
0.7460923790931702,0.5435259342193604,0.7460923790931702,0.20256644487380981,BRANCH_B,0.5225440859794617,0.9023690100102983,known_branch,BRANCH_B,False,0.5036536455154419,vxn_disjoint_best,query_route_1,Strong evidence for BRANCH_B.,1,unsupplied-query_route_1
0.899378776550293,0.899378776550293,0.577189028263092,0.3221897482872009,BRANCH_A,0.6386885046958923,0.9677302340838556,known_branch,BRANCH_A,False,0.5922787189483643,vxn_disjoint_best,query_route_2,Strong evidence for BRANCH_A.,1,unsupplied-query_route_2
0.743972897529602,0.5454371571540833,0.743972897529602,0.1985357403755188,BRANCH_B,0.5229777097702026,0.8999606824243841,known_branch,BRANCH_B,False,0.5036536455154419,vxn_legacy,query_route_1,Strong evidence for BRANCH_B.,1,unsupplied-query_route_1
0.8963788151741028,0.8963788151741028,0.5799600481987,0.31641876697540283,BRANCH_A,0.637604296207428,0.9663484302633747,known_branch,BRANCH_A,False,0.5922787189483643,vxn_legacy,query_route_2,Strong evidence for BRANCH_A.,1,unsupplied-query_route_2
0.7153201103210449,0.5633469223976135,0.7153201103210449,0.1519731879234314,BRANCH_B,0.5382177631060282,0.8643664984763832,known_branch,BRANCH_B,False,0.5296415487925211,vxn_original_only,query_route_1,Acceptable evidence for BRANCH_B.,3,unsupplied-query_route_1
0.8910378416379293,0.8910378416379293,0.6049788991610209,0.28605894247690844,BRANCH_A,0.6713212132453918,0.9605056800478795,known_branch,BRANCH_A,False,0.6266043384869894,vxn_original_only,query_route_2,Strong evidence for BRANCH_A.,3,unsupplied-query_route_2
0.7945026159286499,0.7945026159286499,0.775005062421163,0.019497553507486942,,0.6978572408358256,,uncertain,BRANCH_B,False,0.7353902657826742,vxn_no_temporal_prior,query_route_1,Branch evidence is too close to distinguish a branch.,3,unsupplied-query_route_1
0.8974370360374451,0.8974370360374451,0.6152171691258749,0.2822198669115702,BRANCH_A,0.6723353266716003,0.9612302189108279,known_branch,BRANCH_A,False,0.6802930235862732,vxn_no_temporal_prior,query_route_2,Strong evidence for BRANCH_A.,3,unsupplied-query_route_2
,,,,BRANCH_A,,,known_branch,BRANCH_B,False,,fixed_branch_a,query_route_1,Predeclared always-A forced-choice baseline,,unsupplied-query_route_1
,,,,BRANCH_A,,,known_branch,BRANCH_A,False,,fixed_branch_a,query_route_2,Predeclared always-A forced-choice baseline,,unsupplied-query_route_2
0.7091197371482849,0.5960441827774048,0.7091197371482849,0.11307555437088013,BRANCH_B,,0.8269216995883961,known_branch,BRANCH_B,False,,global_centroid,query_route_1,Acceptable evidence for BRANCH_B.,,unsupplied-query_route_1
0.7987731695175171,0.7987731695175171,0.6227238178253174,0.1760493516921997,BRANCH_A,,0.899891655216041,known_branch,BRANCH_A,False,,global_centroid,query_route_2,Strong evidence for BRANCH_A.,,unsupplied-query_route_2
0.8781634569168091,0.6009712219238281,0.8781634569168091,0.27719223499298096,BRANCH_B,,0.955906643804548,known_branch,BRANCH_B,False,,last_frame_nn,query_route_1,Strong evidence for BRANCH_B.,,unsupplied-query_route_1
0.9433456659317017,0.9433456659317017,0.5147721767425537,0.42857348918914795,BRANCH_A,,0.9846721114143481,known_branch,BRANCH_A,False,,last_frame_nn,query_route_2,Strong evidence for BRANCH_A.,,unsupplied-query_route_2
0.7655733823776245,0.7073570489883423,0.7655733823776245,0.05821633338928223,BRANCH_B,,0.7681197072608852,known_branch,BRANCH_B,False,,mean_frame_nn,query_route_1,Acceptable evidence for BRANCH_B.,,unsupplied-query_route_1
0.9294770956039429,0.9294770956039429,0.6947206854820251,0.23475641012191772,BRANCH_A,,0.9563703434268304,known_branch,BRANCH_A,False,,mean_frame_nn,query_route_2,Strong evidence for BRANCH_A.,,unsupplied-query_route_2
0.7307090284958692,0.5075849513523281,0.7307090284958692,0.2231240771435411,BRANCH_B,,0.9075542371319063,known_branch,BRANCH_B,False,,dtw_suffix,query_route_1,Strong evidence for BRANCH_B.,,unsupplied-query_route_1
0.9178085427888683,0.9178085427888683,0.49522485153283924,0.422583691256029,BRANCH_A,,0.9787266348774435,known_branch,BRANCH_A,False,,dtw_suffix,query_route_2,Strong evidence for BRANCH_A.,,unsupplied-query_route_2
