accepted,accepted_errors,coverage,method,minimum_branch_gap,minimum_branch_score,selective_risk,unknown_false_acceptance_rate
2,0,1.0,vxn_default,0.02,0.54,0.0,
2,0,1.0,vxn_default,0.04,0.54,0.0,
2,0,1.0,vxn_default,0.08,0.54,0.0,
2,0,1.0,vxn_default,0.12,0.54,0.0,
2,0,1.0,vxn_default,0.02,0.58,0.0,
2,0,1.0,vxn_default,0.04,0.58,0.0,
2,0,1.0,vxn_default,0.08,0.58,0.0,
2,0,1.0,vxn_default,0.12,0.58,0.0,
2,0,1.0,vxn_default,0.02,0.62,0.0,
2,0,1.0,vxn_default,0.04,0.62,0.0,
2,0,1.0,vxn_default,0.08,0.62,0.0,
2,0,1.0,vxn_default,0.12,0.62,0.0,
2,0,1.0,vxn_default,0.02,0.66,0.0,
2,0,1.0,vxn_default,0.04,0.66,0.0,
2,0,1.0,vxn_default,0.08,0.66,0.0,
2,0,1.0,vxn_default,0.12,0.66,0.0,
2,0,1.0,vxn_default,0.02,0.7,0.0,
2,0,1.0,vxn_default,0.04,0.7,0.0,
2,0,1.0,vxn_default,0.08,0.7,0.0,
2,0,1.0,vxn_default,0.12,0.7,0.0,
1,0,0.5,vxn_default,0.02,0.74,0.0,
1,0,0.5,vxn_default,0.04,0.74,0.0,
1,0,0.5,vxn_default,0.08,0.74,0.0,
1,0,0.5,vxn_default,0.12,0.74,0.0,
1,0,0.5,vxn_default,0.02,0.78,0.0,
1,0,0.5,vxn_default,0.04,0.78,0.0,
1,0,0.5,vxn_default,0.08,0.78,0.0,
1,0,0.5,vxn_default,0.12,0.78,0.0,
2,0,1.0,vxn_reference_windows,0.02,0.54,0.0,
2,0,1.0,vxn_reference_windows,0.04,0.54,0.0,
2,0,1.0,vxn_reference_windows,0.08,0.54,0.0,
2,0,1.0,vxn_reference_windows,0.12,0.54,0.0,
2,0,1.0,vxn_reference_windows,0.02,0.58,0.0,
2,0,1.0,vxn_reference_windows,0.04,0.58,0.0,
2,0,1.0,vxn_reference_windows,0.08,0.58,0.0,
2,0,1.0,vxn_reference_windows,0.12,0.58,0.0,
2,0,1.0,vxn_reference_windows,0.02,0.62,0.0,
2,0,1.0,vxn_reference_windows,0.04,0.62,0.0,
2,0,1.0,vxn_reference_windows,0.08,0.62,0.0,
2,0,1.0,vxn_reference_windows,0.12,0.62,0.0,
2,0,1.0,vxn_reference_windows,0.02,0.66,0.0,
2,0,1.0,vxn_reference_windows,0.04,0.66,0.0,
2,0,1.0,vxn_reference_windows,0.08,0.66,0.0,
2,0,1.0,vxn_reference_windows,0.12,0.66,0.0,
2,0,1.0,vxn_reference_windows,0.02,0.7,0.0,
2,0,1.0,vxn_reference_windows,0.04,0.7,0.0,
2,0,1.0,vxn_reference_windows,0.08,0.7,0.0,
2,0,1.0,vxn_reference_windows,0.12,0.7,0.0,
1,0,0.5,vxn_reference_windows,0.02,0.74,0.0,
1,0,0.5,vxn_reference_windows,0.04,0.74,0.0,
1,0,0.5,vxn_reference_windows,0.08,0.74,0.0,
1,0,0.5,vxn_reference_windows,0.12,0.74,0.0,
1,0,0.5,vxn_reference_windows,0.02,0.78,0.0,
1,0,0.5,vxn_reference_windows,0.04,0.78,0.0,
1,0,0.5,vxn_reference_windows,0.08,0.78,0.0,
1,0,0.5,vxn_reference_windows,0.12,0.78,0.0,
2,0,1.0,vxn_disjoint_best,0.02,0.54,0.0,
2,0,1.0,vxn_disjoint_best,0.04,0.54,0.0,
2,0,1.0,vxn_disjoint_best,0.08,0.54,0.0,
2,0,1.0,vxn_disjoint_best,0.12,0.54,0.0,
2,0,1.0,vxn_disjoint_best,0.02,0.58,0.0,
2,0,1.0,vxn_disjoint_best,0.04,0.58,0.0,
2,0,1.0,vxn_disjoint_best,0.08,0.58,0.0,
2,0,1.0,vxn_disjoint_best,0.12,0.58,0.0,
2,0,1.0,vxn_disjoint_best,0.02,0.62,0.0,
2,0,1.0,vxn_disjoint_best,0.04,0.62,0.0,
2,0,1.0,vxn_disjoint_best,0.08,0.62,0.0,
2,0,1.0,vxn_disjoint_best,0.12,0.62,0.0,
2,0,1.0,vxn_disjoint_best,0.02,0.66,0.0,
2,0,1.0,vxn_disjoint_best,0.04,0.66,0.0,
2,0,1.0,vxn_disjoint_best,0.08,0.66,0.0,
2,0,1.0,vxn_disjoint_best,0.12,0.66,0.0,
2,0,1.0,vxn_disjoint_best,0.02,0.7,0.0,
2,0,1.0,vxn_disjoint_best,0.04,0.7,0.0,
2,0,1.0,vxn_disjoint_best,0.08,0.7,0.0,
2,0,1.0,vxn_disjoint_best,0.12,0.7,0.0,
2,0,1.0,vxn_disjoint_best,0.02,0.74,0.0,
2,0,1.0,vxn_disjoint_best,0.04,0.74,0.0,
2,0,1.0,vxn_disjoint_best,0.08,0.74,0.0,
2,0,1.0,vxn_disjoint_best,0.12,0.74,0.0,
1,0,0.5,vxn_disjoint_best,0.02,0.78,0.0,
1,0,0.5,vxn_disjoint_best,0.04,0.78,0.0,
1,0,0.5,vxn_disjoint_best,0.08,0.78,0.0,
1,0,0.5,vxn_disjoint_best,0.12,0.78,0.0,
2,0,1.0,vxn_legacy,0.02,0.54,0.0,
2,0,1.0,vxn_legacy,0.04,0.54,0.0,
2,0,1.0,vxn_legacy,0.08,0.54,0.0,
2,0,1.0,vxn_legacy,0.12,0.54,0.0,
2,0,1.0,vxn_legacy,0.02,0.58,0.0,
2,0,1.0,vxn_legacy,0.04,0.58,0.0,
2,0,1.0,vxn_legacy,0.08,0.58,0.0,
2,0,1.0,vxn_legacy,0.12,0.58,0.0,
2,0,1.0,vxn_legacy,0.02,0.62,0.0,
2,0,1.0,vxn_legacy,0.04,0.62,0.0,
2,0,1.0,vxn_legacy,0.08,0.62,0.0,
2,0,1.0,vxn_legacy,0.12,0.62,0.0,
2,0,1.0,vxn_legacy,0.02,0.66,0.0,
2,0,1.0,vxn_legacy,0.04,0.66,0.0,
2,0,1.0,vxn_legacy,0.08,0.66,0.0,
2,0,1.0,vxn_legacy,0.12,0.66,0.0,
2,0,1.0,vxn_legacy,0.02,0.7,0.0,
2,0,1.0,vxn_legacy,0.04,0.7,0.0,
2,0,1.0,vxn_legacy,0.08,0.7,0.0,
2,0,1.0,vxn_legacy,0.12,0.7,0.0,
2,0,1.0,vxn_legacy,0.02,0.74,0.0,
2,0,1.0,vxn_legacy,0.04,0.74,0.0,
2,0,1.0,vxn_legacy,0.08,0.74,0.0,
2,0,1.0,vxn_legacy,0.12,0.74,0.0,
1,0,0.5,vxn_legacy,0.02,0.78,0.0,
1,0,0.5,vxn_legacy,0.04,0.78,0.0,
1,0,0.5,vxn_legacy,0.08,0.78,0.0,
1,0,0.5,vxn_legacy,0.12,0.78,0.0,
2,0,1.0,vxn_original_only,0.02,0.54,0.0,
2,0,1.0,vxn_original_only,0.04,0.54,0.0,
2,0,1.0,vxn_original_only,0.08,0.54,0.0,
2,0,1.0,vxn_original_only,0.12,0.54,0.0,
2,0,1.0,vxn_original_only,0.02,0.58,0.0,
2,0,1.0,vxn_original_only,0.04,0.58,0.0,
2,0,1.0,vxn_original_only,0.08,0.58,0.0,
2,0,1.0,vxn_original_only,0.12,0.58,0.0,
2,0,1.0,vxn_original_only,0.02,0.62,0.0,
2,0,1.0,vxn_original_only,0.04,0.62,0.0,
2,0,1.0,vxn_original_only,0.08,0.62,0.0,
2,0,1.0,vxn_original_only,0.12,0.62,0.0,
2,0,1.0,vxn_original_only,0.02,0.66,0.0,
2,0,1.0,vxn_original_only,0.04,0.66,0.0,
2,0,1.0,vxn_original_only,0.08,0.66,0.0,
2,0,1.0,vxn_original_only,0.12,0.66,0.0,
2,0,1.0,vxn_original_only,0.02,0.7,0.0,
2,0,1.0,vxn_original_only,0.04,0.7,0.0,
2,0,1.0,vxn_original_only,0.08,0.7,0.0,
2,0,1.0,vxn_original_only,0.12,0.7,0.0,
1,0,0.5,vxn_original_only,0.02,0.74,0.0,
1,0,0.5,vxn_original_only,0.04,0.74,0.0,
1,0,0.5,vxn_original_only,0.08,0.74,0.0,
1,0,0.5,vxn_original_only,0.12,0.74,0.0,
1,0,0.5,vxn_original_only,0.02,0.78,0.0,
1,0,0.5,vxn_original_only,0.04,0.78,0.0,
1,0,0.5,vxn_original_only,0.08,0.78,0.0,
1,0,0.5,vxn_original_only,0.12,0.78,0.0,
1,0,0.5,vxn_no_temporal_prior,0.02,0.54,0.0,
1,0,0.5,vxn_no_temporal_prior,0.04,0.54,0.0,
1,0,0.5,vxn_no_temporal_prior,0.08,0.54,0.0,
1,0,0.5,vxn_no_temporal_prior,0.12,0.54,0.0,
1,0,0.5,vxn_no_temporal_prior,0.02,0.58,0.0,
1,0,0.5,vxn_no_temporal_prior,0.04,0.58,0.0,
1,0,0.5,vxn_no_temporal_prior,0.08,0.58,0.0,
1,0,0.5,vxn_no_temporal_prior,0.12,0.58,0.0,
1,0,0.5,vxn_no_temporal_prior,0.02,0.62,0.0,
1,0,0.5,vxn_no_temporal_prior,0.04,0.62,0.0,
1,0,0.5,vxn_no_temporal_prior,0.08,0.62,0.0,
1,0,0.5,vxn_no_temporal_prior,0.12,0.62,0.0,
1,0,0.5,vxn_no_temporal_prior,0.02,0.66,0.0,
1,0,0.5,vxn_no_temporal_prior,0.04,0.66,0.0,
1,0,0.5,vxn_no_temporal_prior,0.08,0.66,0.0,
1,0,0.5,vxn_no_temporal_prior,0.12,0.66,0.0,
1,0,0.5,vxn_no_temporal_prior,0.02,0.7,0.0,
1,0,0.5,vxn_no_temporal_prior,0.04,0.7,0.0,
1,0,0.5,vxn_no_temporal_prior,0.08,0.7,0.0,
1,0,0.5,vxn_no_temporal_prior,0.12,0.7,0.0,
1,0,0.5,vxn_no_temporal_prior,0.02,0.74,0.0,
1,0,0.5,vxn_no_temporal_prior,0.04,0.74,0.0,
1,0,0.5,vxn_no_temporal_prior,0.08,0.74,0.0,
1,0,0.5,vxn_no_temporal_prior,0.12,0.74,0.0,
1,0,0.5,vxn_no_temporal_prior,0.02,0.78,0.0,
1,0,0.5,vxn_no_temporal_prior,0.04,0.78,0.0,
1,0,0.5,vxn_no_temporal_prior,0.08,0.78,0.0,
1,0,0.5,vxn_no_temporal_prior,0.12,0.78,0.0,
2,0,1.0,global_centroid,0.02,0.54,0.0,
2,0,1.0,global_centroid,0.04,0.54,0.0,
2,0,1.0,global_centroid,0.08,0.54,0.0,
1,0,0.5,global_centroid,0.12,0.54,0.0,
2,0,1.0,global_centroid,0.02,0.58,0.0,
2,0,1.0,global_centroid,0.04,0.58,0.0,
2,0,1.0,global_centroid,0.08,0.58,0.0,
1,0,0.5,global_centroid,0.12,0.58,0.0,
2,0,1.0,global_centroid,0.02,0.62,0.0,
2,0,1.0,global_centroid,0.04,0.62,0.0,
2,0,1.0,global_centroid,0.08,0.62,0.0,
1,0,0.5,global_centroid,0.12,0.62,0.0,
2,0,1.0,global_centroid,0.02,0.66,0.0,
2,0,1.0,global_centroid,0.04,0.66,0.0,
2,0,1.0,global_centroid,0.08,0.66,0.0,
1,0,0.5,global_centroid,0.12,0.66,0.0,
2,0,1.0,global_centroid,0.02,0.7,0.0,
2,0,1.0,global_centroid,0.04,0.7,0.0,
2,0,1.0,global_centroid,0.08,0.7,0.0,
1,0,0.5,global_centroid,0.12,0.7,0.0,
1,0,0.5,global_centroid,0.02,0.74,0.0,
1,0,0.5,global_centroid,0.04,0.74,0.0,
1,0,0.5,global_centroid,0.08,0.74,0.0,
1,0,0.5,global_centroid,0.12,0.74,0.0,
1,0,0.5,global_centroid,0.02,0.78,0.0,
1,0,0.5,global_centroid,0.04,0.78,0.0,
1,0,0.5,global_centroid,0.08,0.78,0.0,
1,0,0.5,global_centroid,0.12,0.78,0.0,
2,0,1.0,last_frame_nn,0.02,0.54,0.0,
2,0,1.0,last_frame_nn,0.04,0.54,0.0,
2,0,1.0,last_frame_nn,0.08,0.54,0.0,
2,0,1.0,last_frame_nn,0.12,0.54,0.0,
2,0,1.0,last_frame_nn,0.02,0.58,0.0,
2,0,1.0,last_frame_nn,0.04,0.58,0.0,
2,0,1.0,last_frame_nn,0.08,0.58,0.0,
2,0,1.0,last_frame_nn,0.12,0.58,0.0,
2,0,1.0,last_frame_nn,0.02,0.62,0.0,
2,0,1.0,last_frame_nn,0.04,0.62,0.0,
2,0,1.0,last_frame_nn,0.08,0.62,0.0,
2,0,1.0,last_frame_nn,0.12,0.62,0.0,
2,0,1.0,last_frame_nn,0.02,0.66,0.0,
2,0,1.0,last_frame_nn,0.04,0.66,0.0,
2,0,1.0,last_frame_nn,0.08,0.66,0.0,
2,0,1.0,last_frame_nn,0.12,0.66,0.0,
2,0,1.0,last_frame_nn,0.02,0.7,0.0,
2,0,1.0,last_frame_nn,0.04,0.7,0.0,
2,0,1.0,last_frame_nn,0.08,0.7,0.0,
2,0,1.0,last_frame_nn,0.12,0.7,0.0,
2,0,1.0,last_frame_nn,0.02,0.74,0.0,
2,0,1.0,last_frame_nn,0.04,0.74,0.0,
2,0,1.0,last_frame_nn,0.08,0.74,0.0,
2,0,1.0,last_frame_nn,0.12,0.74,0.0,
2,0,1.0,last_frame_nn,0.02,0.78,0.0,
2,0,1.0,last_frame_nn,0.04,0.78,0.0,
2,0,1.0,last_frame_nn,0.08,0.78,0.0,
2,0,1.0,last_frame_nn,0.12,0.78,0.0,
2,0,1.0,mean_frame_nn,0.02,0.54,0.0,
2,0,1.0,mean_frame_nn,0.04,0.54,0.0,
1,0,0.5,mean_frame_nn,0.08,0.54,0.0,
1,0,0.5,mean_frame_nn,0.12,0.54,0.0,
2,0,1.0,mean_frame_nn,0.02,0.58,0.0,
2,0,1.0,mean_frame_nn,0.04,0.58,0.0,
1,0,0.5,mean_frame_nn,0.08,0.58,0.0,
1,0,0.5,mean_frame_nn,0.12,0.58,0.0,
2,0,1.0,mean_frame_nn,0.02,0.62,0.0,
2,0,1.0,mean_frame_nn,0.04,0.62,0.0,
1,0,0.5,mean_frame_nn,0.08,0.62,0.0,
1,0,0.5,mean_frame_nn,0.12,0.62,0.0,
2,0,1.0,mean_frame_nn,0.02,0.66,0.0,
2,0,1.0,mean_frame_nn,0.04,0.66,0.0,
1,0,0.5,mean_frame_nn,0.08,0.66,0.0,
1,0,0.5,mean_frame_nn,0.12,0.66,0.0,
2,0,1.0,mean_frame_nn,0.02,0.7,0.0,
2,0,1.0,mean_frame_nn,0.04,0.7,0.0,
1,0,0.5,mean_frame_nn,0.08,0.7,0.0,
1,0,0.5,mean_frame_nn,0.12,0.7,0.0,
2,0,1.0,mean_frame_nn,0.02,0.74,0.0,
2,0,1.0,mean_frame_nn,0.04,0.74,0.0,
1,0,0.5,mean_frame_nn,0.08,0.74,0.0,
1,0,0.5,mean_frame_nn,0.12,0.74,0.0,
1,0,0.5,mean_frame_nn,0.02,0.78,0.0,
1,0,0.5,mean_frame_nn,0.04,0.78,0.0,
1,0,0.5,mean_frame_nn,0.08,0.78,0.0,
1,0,0.5,mean_frame_nn,0.12,0.78,0.0,
2,0,1.0,dtw_suffix,0.02,0.54,0.0,
2,0,1.0,dtw_suffix,0.04,0.54,0.0,
2,0,1.0,dtw_suffix,0.08,0.54,0.0,
2,0,1.0,dtw_suffix,0.12,0.54,0.0,
2,0,1.0,dtw_suffix,0.02,0.58,0.0,
2,0,1.0,dtw_suffix,0.04,0.58,0.0,
2,0,1.0,dtw_suffix,0.08,0.58,0.0,
2,0,1.0,dtw_suffix,0.12,0.58,0.0,
2,0,1.0,dtw_suffix,0.02,0.62,0.0,
2,0,1.0,dtw_suffix,0.04,0.62,0.0,
2,0,1.0,dtw_suffix,0.08,0.62,0.0,
2,0,1.0,dtw_suffix,0.12,0.62,0.0,
2,0,1.0,dtw_suffix,0.02,0.66,0.0,
2,0,1.0,dtw_suffix,0.04,0.66,0.0,
2,0,1.0,dtw_suffix,0.08,0.66,0.0,
2,0,1.0,dtw_suffix,0.12,0.66,0.0,
2,0,1.0,dtw_suffix,0.02,0.7,0.0,
2,0,1.0,dtw_suffix,0.04,0.7,0.0,
2,0,1.0,dtw_suffix,0.08,0.7,0.0,
2,0,1.0,dtw_suffix,0.12,0.7,0.0,
1,0,0.5,dtw_suffix,0.02,0.74,0.0,
1,0,0.5,dtw_suffix,0.04,0.74,0.0,
1,0,0.5,dtw_suffix,0.08,0.74,0.0,
1,0,0.5,dtw_suffix,0.12,0.74,0.0,
1,0,0.5,dtw_suffix,0.02,0.78,0.0,
1,0,0.5,dtw_suffix,0.04,0.78,0.0,
1,0,0.5,dtw_suffix,0.08,0.78,0.0,
1,0,0.5,dtw_suffix,0.12,0.78,0.0,
