elapsed_ms,method,query_id,repetition,stage
308.1063,default,,0,enrollment
323.7121,default,,1,enrollment
309.4856,default,,2,enrollment
312.5089,default,,3,enrollment
307.8472,default,,4,enrollment
315.475,legacy,,0,enrollment
316.7748,legacy,,1,enrollment
328.7066,legacy,,2,enrollment
322.0445,legacy,,3,enrollment
326.6427,legacy,,4,enrollment
319.0601,original_only,,0,enrollment
315.297,original_only,,1,enrollment
315.8494,original_only,,2,enrollment
309.3099,original_only,,3,enrollment
313.6182,original_only,,4,enrollment
343.8876,no_temporal_prior,,0,enrollment
338.7449,no_temporal_prior,,1,enrollment
340.1392,no_temporal_prior,,2,enrollment
340.0406,no_temporal_prior,,3,enrollment
348.3824,no_temporal_prior,,4,enrollment
9.0029,vxn_default,query_route_1,0,classification
6.9023,vxn_default,query_route_1,1,classification
7.4503,vxn_default,query_route_1,2,classification
7.5331,vxn_default,query_route_1,3,classification
6.8004,vxn_default,query_route_1,4,classification
8.4839,vxn_default,query_route_2,0,classification
7.1315,vxn_default,query_route_2,1,classification
8.4211,vxn_default,query_route_2,2,classification
7.1997,vxn_default,query_route_2,3,classification
8.5387,vxn_default,query_route_2,4,classification
89.3919,vxn_reference_windows,query_route_1,0,classification
83.7024,vxn_reference_windows,query_route_1,1,classification
82.065,vxn_reference_windows,query_route_1,2,classification
82.037,vxn_reference_windows,query_route_1,3,classification
86.1957,vxn_reference_windows,query_route_1,4,classification
86.0057,vxn_reference_windows,query_route_2,0,classification
88.3413,vxn_reference_windows,query_route_2,1,classification
88.1035,vxn_reference_windows,query_route_2,2,classification
86.134,vxn_reference_windows,query_route_2,3,classification
87.2838,vxn_reference_windows,query_route_2,4,classification
6.9434,vxn_disjoint_best,query_route_1,0,classification
7.2016,vxn_disjoint_best,query_route_1,1,classification
6.9992,vxn_disjoint_best,query_route_1,2,classification
6.6872,vxn_disjoint_best,query_route_1,3,classification
7.8669,vxn_disjoint_best,query_route_1,4,classification
9.1951,vxn_disjoint_best,query_route_2,0,classification
10.0818,vxn_disjoint_best,query_route_2,1,classification
8.5394,vxn_disjoint_best,query_route_2,2,classification
9.3673,vxn_disjoint_best,query_route_2,3,classification
8.1155,vxn_disjoint_best,query_route_2,4,classification
8.6059,vxn_legacy,query_route_1,0,classification
9.4038,vxn_legacy,query_route_1,1,classification
8.1953,vxn_legacy,query_route_1,2,classification
8.6721,vxn_legacy,query_route_1,3,classification
8.4482,vxn_legacy,query_route_1,4,classification
8.608,vxn_legacy,query_route_2,0,classification
8.3628,vxn_legacy,query_route_2,1,classification
8.3581,vxn_legacy,query_route_2,2,classification
8.4666,vxn_legacy,query_route_2,3,classification
8.4211,vxn_legacy,query_route_2,4,classification
7.7954,vxn_original_only,query_route_1,0,classification
8.1034,vxn_original_only,query_route_1,1,classification
8.1809,vxn_original_only,query_route_1,2,classification
8.4758,vxn_original_only,query_route_1,3,classification
7.7722,vxn_original_only,query_route_1,4,classification
7.3928,vxn_original_only,query_route_2,0,classification
8.7026,vxn_original_only,query_route_2,1,classification
7.3538,vxn_original_only,query_route_2,2,classification
8.636,vxn_original_only,query_route_2,3,classification
7.5055,vxn_original_only,query_route_2,4,classification
8.1139,vxn_no_temporal_prior,query_route_1,0,classification
8.933,vxn_no_temporal_prior,query_route_1,1,classification
7.7912,vxn_no_temporal_prior,query_route_1,2,classification
9.4046,vxn_no_temporal_prior,query_route_1,3,classification
7.5462,vxn_no_temporal_prior,query_route_1,4,classification
9.125,vxn_no_temporal_prior,query_route_2,0,classification
7.408,vxn_no_temporal_prior,query_route_2,1,classification
9.2838,vxn_no_temporal_prior,query_route_2,2,classification
7.6403,vxn_no_temporal_prior,query_route_2,3,classification
8.5436,vxn_no_temporal_prior,query_route_2,4,classification
0.0027,fixed_branch_a,query_route_1,0,classification
0.0007,fixed_branch_a,query_route_1,1,classification
0.0006,fixed_branch_a,query_route_1,2,classification
0.0005,fixed_branch_a,query_route_1,3,classification
0.0004,fixed_branch_a,query_route_1,4,classification
0.0004,fixed_branch_a,query_route_2,0,classification
0.0005,fixed_branch_a,query_route_2,1,classification
0.0005,fixed_branch_a,query_route_2,2,classification
0.0005,fixed_branch_a,query_route_2,3,classification
0.0005,fixed_branch_a,query_route_2,4,classification
0.0833,global_centroid,query_route_1,0,classification
0.0732,global_centroid,query_route_1,1,classification
0.0678,global_centroid,query_route_1,2,classification
0.0654,global_centroid,query_route_1,3,classification
0.064,global_centroid,query_route_1,4,classification
0.0639,global_centroid,query_route_2,0,classification
0.0625,global_centroid,query_route_2,1,classification
0.062,global_centroid,query_route_2,2,classification
0.0612,global_centroid,query_route_2,3,classification
0.0669,global_centroid,query_route_2,4,classification
0.5757,last_frame_nn,query_route_1,0,classification
0.5572,last_frame_nn,query_route_1,1,classification
0.937,last_frame_nn,query_route_1,2,classification
0.8815,last_frame_nn,query_route_1,3,classification
0.9777,last_frame_nn,query_route_1,4,classification
0.6239,last_frame_nn,query_route_2,0,classification
0.5658,last_frame_nn,query_route_2,1,classification
0.5536,last_frame_nn,query_route_2,2,classification
0.549,last_frame_nn,query_route_2,3,classification
0.5473,last_frame_nn,query_route_2,4,classification
2.2229,mean_frame_nn,query_route_1,0,classification
2.5131,mean_frame_nn,query_route_1,1,classification
2.6833,mean_frame_nn,query_route_1,2,classification
2.4996,mean_frame_nn,query_route_1,3,classification
1.9801,mean_frame_nn,query_route_1,4,classification
1.9761,mean_frame_nn,query_route_2,0,classification
2.0033,mean_frame_nn,query_route_2,1,classification
2.1055,mean_frame_nn,query_route_2,2,classification
2.0971,mean_frame_nn,query_route_2,3,classification
3.1518,mean_frame_nn,query_route_2,4,classification
17.0795,dtw_suffix,query_route_1,0,classification
17.2166,dtw_suffix,query_route_1,1,classification
17.7997,dtw_suffix,query_route_1,2,classification
18.2129,dtw_suffix,query_route_1,3,classification
17.6848,dtw_suffix,query_route_1,4,classification
17.4661,dtw_suffix,query_route_2,0,classification
17.381,dtw_suffix,query_route_2,1,classification
17.8156,dtw_suffix,query_route_2,2,classification
18.1096,dtw_suffix,query_route_2,3,classification
17.9744,dtw_suffix,query_route_2,4,classification
